CropName_1,CityName,textbox5,textbox6,textbox7
Rice Basmati Super (New),Sargodha,1/1/2010,12/11/2023,Rs./100kg

Label,chart1_CategoryGroup1_label,chart1_CategoryGroup1_Value_DataValue0
,01 Jan 10,5625
,02 Jan 10,5625
,04 Jan 10,5938
,05 Jan 10,5875
,06 Jan 10,5875
,07 Jan 10,5875
,08 Jan 10,5625
,11 Jan 10,5625
,12 Jan 10,5625
,13 Jan 10,5625
,14 Jan 10,5625
,15 Jan 10,5625
,16 Jan 10,5625
,18 Jan 10,5875
,19 Jan 10,5875
,20 Jan 10,5688
,21 Jan 10,5625
,23 Jan 10,5625
,25 Jan 10,5625
,26 Jan 10,5625
,27 Jan 10,5625
,28 Jan 10,5688
,29 Jan 10,5625
,30 Jan 10,5625
,01 Feb 10,5625
,02 Feb 10,5563
,03 Feb 10,5563
,04 Feb 10,5563
,06 Feb 10,5563
,08 Feb 10,5313
,09 Feb 10,5313
,10 Feb 10,5375
,11 Feb 10,5375
,12 Feb 10,5438
,13 Feb 10,5438
,15 Feb 10,5187
,16 Feb 10,5187
,17 Feb 10,5188
,18 Feb 10,5125
,19 Feb 10,5125
,20 Feb 10,5125
,22 Feb 10,4813
,23 Feb 10,4813
,24 Feb 10,5438
,25 Feb 10,5438
,26 Feb 10,5438
,01 Mar 10,5438
,02 Mar 10,5438
,03 Mar 10,5313
,04 Mar 10,5313
,05 Mar 10,5313
,08 Mar 10,5313
,09 Mar 10,5375
,10 Mar 10,5375
,11 Mar 10,5375
,12 Mar 10,5375
,13 Mar 10,5375
,15 Mar 10,5375
,16 Mar 10,5375
,17 Mar 10,5375
,18 Mar 10,5375
,19 Mar 10,5375
,20 Mar 10,5375
,22 Mar 10,5375
,25 Mar 10,5375
,26 Mar 10,5375
,27 Mar 10,5375
,29 Mar 10,5375
,30 Mar 10,5375
,31 Mar 10,5175
,01 Apr 10,5375
,02 Apr 10,5375
,05 Apr 10,5375
,06 Apr 10,5375
,07 Apr 10,5125
,08 Apr 10,5125
,09 Apr 10,5125
,10 Apr 10,5125
,12 Apr 10,5250
,13 Apr 10,
,14 Apr 10,
,15 Apr 10,5250
,16 Apr 10,5250
,17 Apr 10,5250
,19 Apr 10,4875
,20 Apr 10,4875
,21 Apr 10,4875
,23 Apr 10,5250
,26 Apr 10,5125
,27 Apr 10,5125
,28 Apr 10,5125
,29 Apr 10,5000
,30 Apr 10,5000
,03 May 10,5063
,04 May 10,5000
,05 May 10,5125
,06 May 10,5125
,07 May 10,5125
,10 May 10,5000
,11 May 10,5000
,12 May 10,5000
,13 May 10,5375
,14 May 10,5375
,17 May 10,5375
,18 May 10,5375
,19 May 10,5375
,20 May 10,5375
,21 May 10,5375
,24 May 10,5438
,25 May 10,5438
,26 May 10,5438
,27 May 10,
,28 May 10,5375
,31 May 10,5375
,01 Jun 10,5375
,02 Jun 10,5375
,03 Jun 10,5375
,04 Jun 10,5375
,07 Jun 10,5375
,08 Jun 10,5375
,09 Jun 10,5375
,10 Jun 10,5375
,11 Jun 10,5375
,14 Jun 10,5375
,15 Jun 10,5375
,16 Jun 10,5375
,17 Jun 10,5375
,18 Jun 10,5375
,21 Jun 10,5500
,22 Jun 10,5500
,23 Jun 10,5500
,24 Jun 10,5500
,25 Jun 10,5500
,28 Jun 10,5438
,29 Jun 10,5438
,30 Jun 10,5438
,05 Jul 10,
,06 Jul 10,5688
,07 Jul 10,5688
,08 Jul 10,5688
,09 Jul 10,5688
,12 Jul 10,5625
,13 Jul 10,5625
,14 Jul 10,5625
,15 Jul 10,5625
,16 Jul 10,5625
,19 Jul 10,5563
,20 Jul 10,
,21 Jul 10,5563
,22 Jul 10,5563
,23 Jul 10,5563
,26 Jul 10,5563
,27 Jul 10,5563
,28 Jul 10,5563
,29 Jul 10,
,30 Jul 10,
,02 Aug 10,5750
,03 Aug 10,5750
,04 Aug 10,5750
,05 Aug 10,5750
,06 Aug 10,5500
,09 Aug 10,5625
,10 Aug 10,5625
,11 Aug 10,5625
,12 Aug 10,5625
,13 Aug 10,5600
,16 Aug 10,5750
,17 Aug 10,5750
,18 Aug 10,5625
,19 Aug 10,6125
,20 Aug 10,6125
,21 Aug 10,6125
,22 Aug 10,
,23 Aug 10,5750
,24 Aug 10,5750
,25 Aug 10,5750
,26 Aug 10,5750
,27 Aug 10,6125
,28 Aug 10,6125
,29 Aug 10,
,30 Aug 10,6000
,31 Aug 10,6000
,01 Sep 10,6000
,02 Sep 10,6000
,03 Sep 10,5875
,04 Sep 10,5875
,05 Sep 10,
,06 Sep 10,6125
,07 Sep 10,6125
,08 Sep 10,6125
,09 Sep 10,6125
,15 Sep 10,6125
,16 Sep 10,6125
,17 Sep 10,6250
,20 Sep 10,6250
,21 Sep 10,6125
,22 Sep 10,6125
,23 Sep 10,6125
,24 Sep 10,6125
,27 Sep 10,6125
,28 Sep 10,6125
,29 Sep 10,6313
,30 Sep 10,6313
,01 Oct 10,6313
,04 Oct 10,6375
,05 Oct 10,6375
,06 Oct 10,6375
,07 Oct 10,6375
,08 Oct 10,6375
,11 Oct 10,6313
,12 Oct 10,6313
,13 Oct 10,6375
,14 Oct 10,6375
,15 Oct 10,6500
,18 Oct 10,6375
,19 Oct 10,6375
,20 Oct 10,6125
,21 Oct 10,6125
,22 Oct 10,6125
,25 Oct 10,6125
,26 Oct 10,6125
,28 Oct 10,6125
,29 Oct 10,6125
,01 Nov 10,6125
,02 Nov 10,6125
,03 Nov 10,6125
,04 Nov 10,6100
,05 Nov 10,6125
,08 Nov 10,6125
,10 Nov 10,6125
,11 Nov 10,6125
,12 Nov 10,6125
,15 Nov 10,6125
,16 Nov 10,6125
,22 Nov 10,6250
,23 Nov 10,6250
,24 Nov 10,6250
,25 Nov 10,6250
,27 Nov 10,6500
,29 Nov 10,6625
,30 Nov 10,6625
,01 Dec 10,6625
,02 Dec 10,6500
,03 Dec 10,6500
,04 Dec 10,6500
,06 Dec 10,6750
,07 Dec 10,6750
,08 Dec 10,6750
,09 Dec 10,6750
,10 Dec 10,6750
,13 Dec 10,6750
,14 Dec 10,6750
,15 Dec 10,6750
,18 Dec 10,6750
,20 Dec 10,6750
,21 Dec 10,6750
,22 Dec 10,6750
,23 Dec 10,6875
,24 Dec 10,6875
,27 Dec 10,6875
,28 Dec 10,6875
,29 Dec 10,6875
,30 Dec 10,7063
,01 Jan 11,7063
,03 Jan 11,6875
,04 Jan 11,6875
,07 Jan 11,6875
,08 Jan 11,6875
,10 Jan 11,6875
,11 Jan 11,6875
,12 Jan 11,6875
,13 Jan 11,6875
,14 Jan 11,6875
,15 Jan 11,6875
,17 Jan 11,6875
,18 Jan 11,6875
,19 Jan 11,
,20 Jan 11,
,21 Jan 11,6875
,22 Jan 11,6875
,24 Jan 11,6563
,25 Jan 11,6625
,26 Jan 11,6625
,27 Jan 11,6625
,28 Jan 11,6625
,29 Jan 11,6625
,31 Jan 11,6625
,02 Feb 11,6625
,03 Feb 11,6625
,04 Feb 11,6625
,07 Feb 11,6625
,08 Feb 11,6625
,09 Feb 11,6563
,10 Feb 11,6563
,11 Feb 11,6563
,12 Feb 11,6563
,14 Feb 11,6563
,15 Feb 11,6575
,17 Feb 11,6600
,18 Feb 11,6375
,19 Feb 11,6375
,21 Feb 11,6563
,22 Feb 11,6563
,23 Feb 11,6625
,24 Feb 11,6625
,25 Feb 11,6438
,26 Feb 11,6438
,28 Feb 11,6563
,01 Mar 11,6563
,02 Mar 11,6563
,03 Mar 11,6563
,04 Mar 11,6563
,05 Mar 11,6563
,07 Mar 11,6375
,08 Mar 11,6375
,09 Mar 11,6375
,10 Mar 11,6375
,11 Mar 11,6375
,12 Mar 11,6375
,14 Mar 11,6313
,15 Mar 11,6313
,16 Mar 11,6313
,17 Mar 11,6313
,18 Mar 11,6313
,19 Mar 11,6313
,21 Mar 11,6375
,22 Mar 11,6375
,24 Mar 11,6375
,25 Mar 11,6375
,26 Mar 11,6375
,28 Mar 11,6375
,29 Mar 11,6375
,30 Mar 11,6438
,31 Mar 11,6313
,01 Apr 11,6313
,02 Apr 11,6313
,04 Apr 11,6375
,05 Apr 11,6375
,06 Apr 11,6375
,07 Apr 11,6375
,08 Apr 11,6438
,09 Apr 11,6438
,12 Apr 11,6494
,13 Apr 11,6375
,14 Apr 11,6375
,15 Apr 11,6375
,16 Apr 11,6375
,18 Apr 11,6313
,19 Apr 11,6313
,20 Apr 11,6313
,21 Apr 11,6313
,22 Apr 11,6313
,23 Apr 11,6313
,28 Apr 11,6313
,29 Apr 11,6313
,30 Apr 11,6313
,02 May 11,6375
,03 May 11,6375
,04 May 11,6375
,05 May 11,6313
,06 May 11,6313
,07 May 11,6313
,09 May 11,6313
,10 May 11,6313
,11 May 11,6313
,12 May 11,6313
,13 May 11,6313
,14 May 11,6313
,16 May 11,6300
,17 May 11,6375
,18 May 11,6375
,19 May 11,6375
,20 May 11,6375
,21 May 11,6375
,23 May 11,6375
,24 May 11,6375
,25 May 11,6375
,26 May 11,6375
,27 May 11,6563
,28 May 11,6563
,30 May 11,6563
,31 May 11,6625
,01 Jun 11,6625
,03 Jun 11,6625
,04 Jun 11,6625
,06 Jun 11,6625
,07 Jun 11,6625
,08 Jun 11,7000
,09 Jun 11,6625
,10 Jun 11,6625
,13 Jun 11,6750
,14 Jun 11,6750
,16 Jun 11,6750
,17 Jun 11,6750
,18 Jun 11,6750
,20 Jun 11,6563
,21 Jun 11,6563
,22 Jun 11,6625
,23 Jun 11,6625
,24 Jun 11,
,25 Jun 11,6625
,27 Jun 11,6750
,29 Jun 11,6750
,30 Jun 11,6750
,01 Jul 11,6813
,04 Jul 11,7000
,05 Jul 11,7000
,06 Jul 11,7000
,07 Jul 11,7000
,08 Jul 11,7000
,09 Jul 11,7000
,11 Jul 11,7063
,12 Jul 11,7063
,13 Jul 11,7313
,14 Jul 11,7313
,19 Jul 11,7125
,20 Jul 11,7125
,21 Jul 11,7063
,22 Jul 11,7063
,23 Jul 11,7063
,25 Jul 11,7125
,26 Jul 11,7125
,27 Jul 11,7375
,28 Jul 11,7125
,29 Jul 11,7125
,30 Jul 11,7125
,01 Aug 11,7125
,02 Aug 11,7125
,03 Aug 11,7125
,04 Aug 11,7125
,05 Aug 11,7125
,06 Aug 11,7125
,08 Aug 11,6938
,09 Aug 11,6450
,11 Aug 11,6938
,12 Aug 11,6938
,13 Aug 11,6938
,15 Aug 11,6938
,16 Aug 11,6938
,17 Aug 11,6938
,18 Aug 11,6938
,19 Aug 11,6750
,20 Aug 11,6750
,23 Aug 11,6750
,24 Aug 11,6750
,25 Aug 11,6750
,26 Aug 11,7000
,29 Aug 11,7000
,05 Sep 11,
,06 Sep 11,7000
,08 Sep 11,7000
,09 Sep 11,7063
,10 Sep 11,7063
,12 Sep 11,7000
,14 Sep 11,6938
,16 Sep 11,7125
,17 Sep 11,
,20 Sep 11,7000
,21 Sep 11,7125
,22 Sep 11,7375
,23 Sep 11,7375
,24 Sep 11,7375
,26 Sep 11,7313
,28 Sep 11,7125
,29 Sep 11,
,30 Sep 11,7375
,01 Oct 11,7375
,03 Oct 11,7125
,04 Oct 11,7300
,05 Oct 11,7313
,06 Oct 11,7313
,07 Oct 11,7375
,08 Oct 11,7375
,10 Oct 11,7375
,11 Oct 11,7250
,12 Oct 11,7375
,13 Oct 11,
,14 Oct 11,7375
,15 Oct 11,7375
,17 Oct 11,7375
,18 Oct 11,7375
,19 Oct 11,7375
,20 Oct 11,7375
,21 Oct 11,7375
,22 Oct 11,7375
,25 Oct 11,7375
,26 Oct 11,7125
,27 Oct 11,7125
,28 Oct 11,7125
,29 Oct 11,7125
,31 Oct 11,7125
,01 Nov 11,7375
,02 Nov 11,7375
,03 Nov 11,7375
,04 Nov 11,7375
,11 Nov 11,
,12 Nov 11,
,14 Nov 11,7375
,15 Nov 11,7375
,16 Nov 11,6813
,17 Nov 11,6813
,18 Nov 11,7375
,19 Nov 11,
,22 Nov 11,6625
,23 Nov 11,6875
,25 Nov 11,6875
,26 Nov 11,6875
,28 Nov 11,6638
,29 Nov 11,6688
,30 Nov 11,6563
,02 Dec 11,6563
,03 Dec 11,6563
,07 Dec 11,
,08 Dec 11,6438
,09 Dec 11,6438
,12 Dec 11,6313
,13 Dec 11,6313
,15 Dec 11,
,16 Dec 11,6438
,17 Dec 11,6438
,19 Dec 11,6438
,20 Dec 11,6438
,22 Dec 11,6438
,23 Dec 11,6438
,24 Dec 11,6438
,26 Dec 11,6438
,27 Dec 11,6438
,30 Dec 11,6438
,03 Jan 12,6438
,04 Jan 12,6438
,05 Jan 12,6438
,06 Jan 12,6438
,07 Jan 12,6438
,09 Jan 12,6438
,10 Jan 12,6438
,11 Jan 12,6438
,12 Jan 12,6438
,13 Jan 12,6438
,14 Jan 12,6438
,18 Jan 12,6438
,19 Jan 12,6438
,20 Jan 12,6531
,24 Jan 12,6531
,25 Jan 12,6531
,26 Jan 12,6531
,27 Jan 12,6531
,28 Jan 12,6531
,30 Jan 12,6375
,31 Jan 12,6375
,01 Feb 12,6375
,02 Feb 12,6375
,03 Feb 12,6375
,06 Feb 12,6375
,07 Feb 12,6375
,08 Feb 12,6438
,09 Feb 12,6438
,10 Feb 12,6438
,13 Feb 12,6375
,14 Feb 12,6375
,15 Feb 12,6438
,16 Feb 12,6438
,17 Feb 12,6375
,20 Feb 12,6438
,21 Feb 12,6438
,22 Feb 12,6438
,24 Feb 12,6438
,25 Feb 12,6438
,27 Feb 12,6688
,28 Feb 12,6700
,29 Feb 12,6688
,01 Mar 12,6875
,02 Mar 12,6875
,03 Mar 12,6875
,05 Mar 12,6875
,06 Mar 12,6875
,07 Mar 12,6875
,08 Mar 12,6875
,09 Mar 12,6938
,10 Mar 12,6938
,12 Mar 12,6938
,13 Mar 12,6938
,14 Mar 12,6875
,17 Mar 12,6875
,19 Mar 12,7125
,20 Mar 12,7125
,21 Mar 12,7125
,22 Mar 12,7063
,24 Mar 12,7063
,26 Mar 12,7125
,27 Mar 12,7125
,28 Mar 12,7125
,30 Mar 12,7125
,31 Mar 12,7125
,03 Apr 12,7125
,04 Apr 12,7125
,05 Apr 12,7125
,06 Apr 12,7125
,07 Apr 12,7125
,09 Apr 12,7875
,11 Apr 12,8188
,13 Apr 12,8188
,17 Apr 12,4938
,18 Apr 12,8188
,19 Apr 12,8188
,20 Apr 12,8313
,21 Apr 12,8313
,23 Apr 12,8188
,24 Apr 12,8125
,25 Apr 12,8125
,26 Apr 12,
,27 Apr 12,8125
,28 Apr 12,8125
,29 Apr 12,8125
,30 Apr 12,8125
,02 May 12,8125
,03 May 12,4813
,04 May 12,8125
,07 May 12,8125
,10 May 12,7525
,11 May 12,8188
,12 May 12,8188
,14 May 12,4750
,15 May 12,8438
,16 May 12,8438
,17 May 12,8438
,18 May 12,8250
,19 May 12,8250
,21 May 12,8375
,22 May 12,8375
,23 May 12,8187
,24 May 12,8188
,26 May 12,8188
,28 May 12,8188
,30 May 12,8125
,31 May 12,8125
,01 Jun 12,
,04 Jun 12,
,05 Jun 12,8125
,06 Jun 12,8125
,07 Jun 12,8125
,08 Jun 12,8125
,11 Jun 12,8125
,12 Jun 12,8125
,13 Jun 12,
,14 Jun 12,8125
,15 Jun 12,8125
,16 Jun 12,8125
,18 Jun 12,8625
,20 Jun 12,8625
,21 Jun 12,8625
,23 Jun 12,8625
,26 Jun 12,8375
,27 Jun 12,8375
,28 Jun 12,8375
,29 Jun 12,8375
,30 Jun 12,8375
,02 Jul 12,8375
,03 Jul 12,8625
,04 Jul 12,8625
,05 Jul 12,
,06 Jul 12,8625
,07 Jul 12,8625
,09 Jul 12,8625
,10 Jul 12,8625
,11 Jul 12,
,12 Jul 12,8625
,14 Jul 12,8625
,16 Jul 12,8625
,17 Jul 12,8875
,19 Jul 12,8875
,20 Jul 12,8875
,21 Jul 12,
,23 Jul 12,9025
,24 Jul 12,
,25 Jul 12,9063
,26 Jul 12,9375
,27 Jul 12,9062
,29 Jul 12,
,30 Jul 12,9063
,31 Jul 12,8875
,04 Aug 12,
,06 Aug 12,
,07 Aug 12,8875
,10 Aug 12,8875
,17 Aug 12,
,23 Aug 12,
,24 Aug 12,
,25 Aug 12,
,27 Aug 12,9025
,28 Aug 12,9000
,29 Aug 12,9000
,30 Aug 12,9000
,31 Aug 12,9000
,01 Sep 12,9000
,03 Sep 12,
,04 Sep 12,8875
,05 Sep 12,9125
,06 Sep 12,8875
,07 Sep 12,8875
,08 Sep 12,8875
,10 Sep 12,8875
,12 Sep 12,9375
,13 Sep 12,9375
,14 Sep 12,9375
,17 Sep 12,9375
,18 Sep 12,9563
,19 Sep 12,9625
,20 Sep 12,9625
,24 Sep 12,9563
,25 Sep 12,9563
,26 Sep 12,9625
,27 Sep 12,9625
,28 Sep 12,9625
,29 Sep 12,9625
,01 Oct 12,9625
,02 Oct 12,9625
,03 Oct 12,9375
,04 Oct 12,
,05 Oct 12,9563
,06 Oct 12,
,08 Oct 12,9625
,09 Oct 12,9625
,10 Oct 12,9375
,11 Oct 12,9375
,12 Oct 12,9375
,13 Oct 12,9375
,15 Oct 12,9438
,16 Oct 12,9438
,17 Oct 12,9438
,18 Oct 12,
,19 Oct 12,9438
,20 Oct 12,9438
,23 Oct 12,9375
,24 Oct 12,9375
,30 Oct 12,
,01 Nov 12,9625
,02 Nov 12,9625
,05 Nov 12,9625
,06 Nov 12,9625
,12 Nov 12,9250
,13 Nov 12,9625
,14 Nov 12,9625
,15 Nov 12,9750
,17 Nov 12,9750
,19 Nov 12,8375
,20 Nov 12,8375
,21 Nov 12,8375
,22 Nov 12,9750
,28 Nov 12,8500
,03 Dec 12,9375
,04 Dec 12,9375
,05 Dec 12,9375
,06 Dec 12,9375
,07 Dec 12,9375
,08 Dec 12,9375
,10 Dec 12,9125
,11 Dec 12,9125
,12 Dec 12,9125
,14 Dec 12,9125
,15 Dec 12,9125
,17 Dec 12,9438
,18 Dec 12,9438
,19 Dec 12,9438
,20 Dec 12,9625
,21 Dec 12,9625
,24 Dec 12,9375
,26 Dec 12,9375
,27 Dec 12,9375
,28 Dec 12,9375
,29 Dec 12,9375
,31 Dec 12,9375
,01 Jan 13,9375
,02 Jan 13,9375
,03 Jan 13,9375
,04 Jan 13,9375
,05 Jan 13,9375
,07 Jan 13,9875
,08 Jan 13,9875
,09 Jan 13,9875
,10 Jan 13,9938
,11 Jan 13,9875
,12 Jan 13,9850
,14 Jan 13,9875
,15 Jan 13,9875
,16 Jan 13,9875
,18 Jan 13,9875
,19 Jan 13,9875
,21 Jan 13,9875
,22 Jan 13,9875
,23 Jan 13,9875
,26 Jan 13,9875
,28 Jan 13,9875
,29 Jan 13,9875
,30 Jan 13,9875
,31 Jan 13,9875
,01 Feb 13,9875
,02 Feb 13,9875
,04 Feb 13,9875
,06 Feb 13,9875
,07 Feb 13,9875
,08 Feb 13,9875
,09 Feb 13,9875
,12 Feb 13,9875
,13 Feb 13,9875
,14 Feb 13,9875
,16 Feb 13,9875
,18 Feb 13,9875
,19 Feb 13,9875
,20 Feb 13,9875
,21 Feb 13,9875
,22 Feb 13,9875
,23 Feb 13,9875
,09 Mar 13,5813
,11 Mar 13,10125
,12 Mar 13,10125
,13 Mar 13,10125
,14 Mar 13,10125
,16 Mar 13,10125
,18 Mar 13,10375
,19 Mar 13,10375
,21 Mar 13,10375
,25 Mar 13,10600
,26 Mar 13,10125
,27 Mar 13,10125
,28 Mar 13,9875
,30 Mar 13,9875
,03 Apr 13,10125
,10 Apr 13,10125
,11 Apr 13,10125
,12 Apr 13,10125
,17 Apr 13,10125
,18 Apr 13,10125
,19 Apr 13,10125
,22 Apr 13,11625
,23 Apr 13,10125
,24 Apr 13,10125
,26 Apr 13,10125
,30 Apr 13,10000
,02 May 13,10000
,03 May 13,10000
,06 May 13,9875
,08 May 13,9875
,09 May 13,9875
,13 May 13,
,14 May 13,9875
,15 May 13,9875
,16 May 13,19750
,17 May 13,9875
,20 May 13,9875
,21 May 13,10375
,23 May 13,10375
,24 May 13,
,28 May 13,10375
,31 May 13,10375
,05 Jun 13,10875
,06 Jun 13,10875
,07 Jun 13,10875
,10 Jun 13,10625
,13 Jun 13,10875
,21 Jun 13,10875
,24 Jun 13,11325
,15 Aug 13,
,17 Aug 13,
,19 Aug 13,
,19 Sep 13,10725
,14 Oct 13,10625
,23 Oct 13,11125
,24 Oct 13,11125
,26 Oct 13,11125
,01 Nov 13,11375
,02 Nov 13,11375
,05 Nov 13,11375
,06 Nov 13,10950
,07 Nov 13,11375
,08 Nov 13,11375
,11 Nov 13,11875
,13 Nov 13,11875
,16 Nov 13,
,19 Nov 13,11875
,20 Nov 13,11875
,22 Nov 13,11875
,23 Nov 13,
,26 Nov 13,11875
,06 Dec 13,11563
,07 Dec 13,11563
,09 Dec 13,
,15 May 14,10813
,16 May 14,10813
,17 May 14,10800
,19 May 14,10938
,20 May 14,10938
,21 May 14,10938
,22 May 14,10938
,23 May 14,10938
,24 May 14,10938
,26 May 14,10938
,27 May 14,10938
,28 May 14,10938
,29 May 14,10938
,30 May 14,10938
,02 Jun 14,10875
,03 Jun 14,10875
,05 Jun 14,10875
,07 Jun 14,10875
,10 Jun 14,10875
,11 Jun 14,10875
,12 Jun 14,10875
,14 Jun 14,10875
,18 Jun 14,11188
,04 Aug 14,11375
,05 Aug 14,11125
,06 Aug 14,11125
,07 Aug 14,11125
,08 Aug 14,11125
,09 Aug 14,11125
,11 Aug 14,10875
,12 Aug 14,10875
,13 Aug 14,10875
,18 Aug 14,10875
,19 Aug 14,11125
,20 Aug 14,11125
,21 Aug 14,11125
,22 Aug 14,11125
,25 Aug 14,11125
,26 Aug 14,
,27 Aug 14,11125
,28 Aug 14,11125
,29 Aug 14,11125
,01 Sep 14,11125
,02 Sep 14,11125
,03 Sep 14,11125
,04 Sep 14,11125
,05 Sep 14,11125
,08 Sep 14,11125
,09 Sep 14,11250
,10 Sep 14,11250
,12 Sep 14,11250
,15 Sep 14,11250
,16 Sep 14,11250
,17 Sep 14,11250
,18 Sep 14,11250
,19 Sep 14,
,22 Sep 14,10625
,23 Sep 14,10625
,24 Sep 14,10625
,25 Sep 14,10625
,26 Sep 14,10625
,27 Sep 14,10625
,29 Sep 14,11125
,30 Sep 14,11125
,01 Oct 14,11125
,02 Oct 14,
,03 Oct 14,11125
,04 Oct 14,11125
,05 Oct 14,11125
,09 Oct 14,
,10 Oct 14,
,11 Oct 14,
,13 Oct 14,10625
,14 Oct 14,10625
,15 Oct 14,10625
,17 Oct 14,10625
,18 Oct 14,10625
,20 Oct 14,10750
,21 Oct 14,10750
,22 Oct 14,10750
,23 Oct 14,10750
,24 Oct 14,10750
,25 Oct 14,10750
,27 Oct 14,11250
,28 Oct 14,11250
,29 Oct 14,10750
,30 Oct 14,10750
,31 Oct 14,10750
,01 Nov 14,10750
,05 Nov 14,
,06 Nov 14,10750
,07 Nov 14,10750
,08 Nov 14,
,10 Nov 14,10625
,11 Nov 14,11000
,12 Nov 14,11000
,13 Nov 14,11000
,14 Nov 14,11000
,15 Nov 14,11000
,17 Nov 14,11000
,18 Nov 14,11000
,19 Nov 14,
,20 Nov 14,
,21 Nov 14,
,22 Nov 14,
,24 Nov 14,
,26 Nov 14,7625
,27 Nov 14,7625
,28 Nov 14,7625
,29 Nov 14,7625
,01 Dec 14,7375
,02 Dec 14,7375
,03 Dec 14,7375
,04 Dec 14,7375
,05 Dec 14,7375
,06 Dec 14,7375
,08 Dec 14,7375
,09 Dec 14,7250
,10 Dec 14,7250
,11 Dec 14,7250
,12 Dec 14,7250
,16 Dec 14,7125
,17 Dec 14,7125
,18 Dec 14,7125
,22 Dec 14,7250
,23 Dec 14,7125
,24 Dec 14,7125
,26 Dec 14,7125
,29 Dec 14,7125
,30 Dec 14,7125
,31 Dec 14,7125
,01 Jan 15,7125
,02 Jan 15,7125
,07 Jan 15,7375
,08 Jan 15,7375
,09 Jan 15,7375
,10 Jan 15,7375
,12 Jan 15,7375
,13 Jan 15,7375
,14 Jan 15,7375
,15 Jan 15,7375
,16 Jan 15,7375
,21 Jan 15,7750
,22 Jan 15,7750
,23 Jan 15,7750
,24 Jan 15,7750
,26 Jan 15,7750
,27 Jan 15,7625
,28 Jan 15,7625
,29 Jan 15,7625
,30 Jan 15,7625
,02 Feb 15,7625
,03 Feb 15,7625
,04 Feb 15,7625
,06 Feb 15,7625
,07 Feb 15,7625
,09 Feb 15,7625
,10 Feb 15,7625
,11 Feb 15,7625
,12 Feb 15,7625
,13 Feb 15,7375
,14 Feb 15,7375
,16 Feb 15,7125
,17 Feb 15,
,18 Feb 15,7125
,19 Feb 15,7125
,20 Feb 15,7125
,21 Feb 15,7125
,23 Feb 15,7125
,24 Feb 15,7125
,25 Feb 15,7125
,26 Feb 15,7125
,27 Feb 15,7125
,28 Feb 15,7125
,02 Mar 15,7125
,03 Mar 15,6875
,05 Mar 15,6875
,06 Mar 15,6875
,09 Mar 15,6875
,10 Mar 15,6875
,11 Mar 15,4063
,12 Mar 15,6625
,14 Mar 15,6875
,16 Mar 15,6625
,17 Mar 15,6625
,18 Mar 15,6625
,19 Mar 15,6625
,20 Mar 15,6625
,21 Mar 15,6625
,24 Mar 15,6625
,25 Mar 15,6625
,26 Mar 15,6750
,27 Mar 15,6750
,28 Mar 15,6625
,30 Mar 15,6625
,31 Mar 15,6625
,01 Apr 15,
,02 Apr 15,6625
,03 Apr 15,6625
,04 Apr 15,6625
,06 Apr 15,6625
,08 Apr 15,7188
,09 Apr 15,6875
,10 Apr 15,6875
,11 Apr 15,6875
,13 Apr 15,6875
,14 Apr 15,6875
,15 Apr 15,6750
,16 Apr 15,
,17 Apr 15,6875
,18 Apr 15,6875
,20 Apr 15,6875
,21 Apr 15,6875
,22 Apr 15,6875
,23 Apr 15,6750
,24 Apr 15,6750
,27 Apr 15,
,28 Apr 15,6750
,29 Apr 15,6250
,30 Apr 15,6750
,02 May 15,
,04 May 15,6875
,05 May 15,6750
,06 May 15,6625
,07 May 15,6375
,08 May 15,6375
,09 May 15,6375
,11 May 15,6250
,12 May 15,6125
,13 May 15,6313
,14 May 15,
,15 May 15,6375
,16 May 15,6375
,18 May 15,6250
,19 May 15,6625
,20 May 15,6625
,21 May 15,6625
,22 May 15,6625
,25 May 15,6625
,26 May 15,6625
,27 May 15,6625
,28 May 15,6500
,29 May 15,
,30 May 15,6500
,01 Jun 15,6625
,02 Jun 15,6625
,03 Jun 15,6625
,04 Jun 15,
,05 Jun 15,6625
,08 Jun 15,6750
,09 Jun 15,6750
,10 Jun 15,6813
,11 Jun 15,6625
,12 Jun 15,6813
,13 Jun 15,6813
,15 Jun 15,6750
,16 Jun 15,6250
,17 Jun 15,6813
,18 Jun 15,6813
,19 Jun 15,6813
,20 Jun 15,6813
,22 Jun 15,6750
,23 Jun 15,6750
,25 Jun 15,6750
,26 Jun 15,6750
,29 Jun 15,6750
,27 Jul 15,
,28 Jul 15,6563
,29 Jul 15,6563
,30 Jul 15,6563
,31 Jul 15,6563
,01 Aug 15,6563
,03 Aug 15,6375
,04 Aug 15,6375
,05 Aug 15,6375
,06 Aug 15,6375
,07 Aug 15,6375
,08 Aug 15,6375
,10 Aug 15,6375
,12 Aug 15,6375
,15 Aug 15,6375
,17 Aug 15,6125
,18 Aug 15,6125
,19 Aug 15,6125
,21 Aug 15,6125
,22 Aug 15,6125
,24 Aug 15,6125
,25 Aug 15,6125
,26 Aug 15,6125
,27 Aug 15,
,28 Aug 15,6063
,29 Aug 15,
,31 Aug 15,6125
,01 Sep 15,
,03 Sep 15,
,04 Sep 15,
,05 Sep 15,6125
,07 Sep 15,
,08 Sep 15,
,09 Sep 15,6125
,10 Sep 15,
,11 Sep 15,6125
,12 Sep 15,
,14 Sep 15,6125
,15 Sep 15,
,16 Sep 15,
,17 Sep 15,
,19 Sep 15,
,21 Sep 15,
,22 Sep 15,6125
,29 Sep 15,
,30 Sep 15,
,01 Oct 15,
,02 Oct 15,5625
,05 Oct 15,5625
,06 Oct 15,5625
,07 Oct 15,5625
,08 Oct 15,
,09 Oct 15,
,10 Oct 15,
,12 Oct 15,5563
,13 Oct 15,
,15 Oct 15,5588
,16 Oct 15,
,17 Oct 15,5563
,20 Oct 15,
,21 Oct 15,
,27 Oct 15,5687
,28 Oct 15,5688
,29 Oct 15,5688
,30 Oct 15,5688
,31 Oct 15,5688
,02 Nov 15,5625
,03 Nov 15,5625
,04 Nov 15,5625
,05 Nov 15,5625
,06 Nov 15,5625
,07 Nov 15,5625
,09 Nov 15,
,11 Nov 15,5625
,12 Nov 15,5625
,13 Nov 15,
,14 Nov 15,5625
,17 Nov 15,5625
,18 Nov 15,5625
,20 Nov 15,5625
,21 Nov 15,5625
,23 Nov 15,4812
,24 Nov 15,4813
,25 Nov 15,4813
,26 Nov 15,4813
,27 Nov 15,4813
,28 Nov 15,4813
,30 Nov 15,4813
,01 Dec 15,4813
,02 Dec 15,5438
,03 Dec 15,5438
,04 Dec 15,5438
,05 Dec 15,5438
,07 Dec 15,6063
,08 Dec 15,6063
,09 Dec 15,6063
,10 Dec 15,6063
,11 Dec 15,6563
,12 Dec 15,6563
,14 Dec 15,6563
,16 Dec 15,6250
,17 Dec 15,6250
,18 Dec 15,6188
,19 Dec 15,6187
,21 Dec 15,6063
,22 Dec 15,6063
,23 Dec 15,5875
,26 Dec 15,5875
,28 Dec 15,6063
,29 Dec 15,6063
,30 Dec 15,6063
,31 Dec 15,6063
,02 Jan 16,6063
,04 Jan 16,6063
,05 Jan 16,6063
,06 Jan 16,6063
,08 Jan 16,6063
,11 Jan 16,6188
,12 Jan 16,6188
,13 Jan 16,6188
,14 Jan 16,6188
,15 Jan 16,6188
,16 Jan 16,6188
,18 Jan 16,6250
,19 Jan 16,6250
,20 Jan 16,6250
,21 Jan 16,6250
,22 Jan 16,6250
,23 Jan 16,6250
,25 Jan 16,6188
,26 Jan 16,6188
,27 Jan 16,6188
,28 Jan 16,6188
,29 Jan 16,6188
,30 Jan 16,6188
,01 Feb 16,6188
,02 Feb 16,6188
,03 Feb 16,6188
,04 Feb 16,6188
,06 Feb 16,6188
,08 Feb 16,6188
,09 Feb 16,6188
,10 Feb 16,6188
,11 Feb 16,6188
,12 Feb 16,6188
,13 Feb 16,6188
,15 Feb 16,6188
,16 Feb 16,6188
,17 Feb 16,6188
,18 Feb 16,6188
,19 Feb 16,6188
,20 Feb 16,6188
,22 Feb 16,6188
,23 Feb 16,6188
,24 Feb 16,6188
,25 Feb 16,6188
,26 Feb 16,6188
,27 Feb 16,6188
,29 Feb 16,6063
,01 Mar 16,6063
,02 Mar 16,6063
,03 Mar 16,6063
,04 Mar 16,6063
,05 Mar 16,6063
,07 Mar 16,6063
,08 Mar 16,6063
,09 Mar 16,6063
,10 Mar 16,6063
,11 Mar 16,6063
,12 Mar 16,6063
,14 Mar 16,5813
,15 Mar 16,5813
,16 Mar 16,5813
,17 Mar 16,5813
,18 Mar 16,5813
,19 Mar 16,5813
,21 Mar 16,5813
,22 Mar 16,5813
,24 Mar 16,5813
,25 Mar 16,5813
,26 Mar 16,5813
,28 Mar 16,5813
,29 Mar 16,5813
,30 Mar 16,
,31 Mar 16,5813
,01 Apr 16,5813
,02 Apr 16,5813
,04 Apr 16,5813
,05 Apr 16,5813
,06 Apr 16,5813
,08 Apr 16,5813
,09 Apr 16,5813
,11 Apr 16,5813
,12 Apr 16,5813
,13 Apr 16,5813
,14 Apr 16,5813
,15 Apr 16,5813
,16 Apr 16,5813
,18 Apr 16,5813
,19 Apr 16,5813
,20 Apr 16,5813
,21 Apr 16,5813
,22 Apr 16,5813
,23 Apr 16,5813
,25 Apr 16,5813
,26 Apr 16,5813
,27 Apr 16,5813
,29 Apr 16,5813
,30 Apr 16,5813
,02 May 16,5813
,03 May 16,5813
,04 May 16,5813
,05 May 16,5813
,06 May 16,5813
,07 May 16,5813
,09 May 16,6063
,10 May 16,6063
,11 May 16,6063
,12 May 16,6063
,13 May 16,6063
,14 May 16,6063
,16 May 16,6313
,17 May 16,6313
,18 May 16,6313
,19 May 16,6313
,20 May 16,6313
,21 May 16,6313
,23 May 16,6313
,24 May 16,6438
,25 May 16,6438
,26 May 16,6438
,27 May 16,6438
,28 May 16,6438
,30 May 16,6438
,31 May 16,6563
,01 Jun 16,6563
,02 Jun 16,6563
,03 Jun 16,6563
,04 Jun 16,6563
,05 Jun 16,6563
,06 Jun 16,6563
,07 Jun 16,6563
,08 Jun 16,6563
,09 Jun 16,6563
,10 Jun 16,6563
,11 Jun 16,6563
,12 Jun 16,6563
,13 Jun 16,6563
,15 Jun 16,6563
,16 Jun 16,6563
,17 Jun 16,6563
,18 Jun 16,6563
,19 Jun 16,6563
,20 Jun 16,6563
,21 Jun 16,6563
,22 Jun 16,6563
,23 Jun 16,6563
,24 Jun 16,6563
,25 Jun 16,6563
,26 Jun 16,6563
,27 Jun 16,6563
,28 Jun 16,6563
,29 Jun 16,6563
,30 Jun 16,6563
,01 Jul 16,6563
,02 Jul 16,6563
,03 Jul 16,6563
,04 Jul 16,6563
,05 Jul 16,6563
,11 Jul 16,7063
,12 Jul 16,7063
,13 Jul 16,7500
,14 Jul 16,7063
,15 Jul 16,7063
,18 Jul 16,7313
,19 Jul 16,7125
,20 Jul 16,7125
,21 Jul 16,7125
,22 Jul 16,7125
,23 Jul 16,7125
,25 Jul 16,7125
,26 Jul 16,7125
,27 Jul 16,7125
,28 Jul 16,7125
,29 Jul 16,7125
,30 Jul 16,7125
,01 Aug 16,7000
,02 Aug 16,7000
,03 Aug 16,7000
,04 Aug 16,7000
,05 Aug 16,7000
,06 Aug 16,7000
,08 Aug 16,6750
,09 Aug 16,6750
,10 Aug 16,6750
,11 Aug 16,6750
,12 Aug 16,6750
,13 Aug 16,6750
,15 Aug 16,6750
,16 Aug 16,6500
,17 Aug 16,6750
,18 Aug 16,6750
,19 Aug 16,6750
,20 Aug 16,6750
,22 Aug 16,6938
,23 Aug 16,6938
,24 Aug 16,6938
,25 Aug 16,7188
,26 Aug 16,7175
,29 Aug 16,7063
,30 Aug 16,7063
,31 Aug 16,7063
,01 Sep 16,7063
,02 Sep 16,7063
,03 Sep 16,7063
,05 Sep 16,7063
,06 Sep 16,7063
,07 Sep 16,7063
,08 Sep 16,7063
,09 Sep 16,7063
,15 Sep 16,
,16 Sep 16,
,17 Sep 16,
,19 Sep 16,7313
,20 Sep 16,7313
,21 Sep 16,7313
,22 Sep 16,7313
,23 Sep 16,7313
,24 Sep 16,7313
,26 Sep 16,7075
,27 Sep 16,7075
,28 Sep 16,7075
,29 Sep 16,7075
,30 Sep 16,7075
,01 Oct 16,7075
,03 Oct 16,7313
,04 Oct 16,7313
,05 Oct 16,7313
,06 Oct 16,7313
,07 Oct 16,7313
,08 Oct 16,7313
,10 Oct 16,7325
,13 Oct 16,
,14 Oct 16,7313
,15 Oct 16,7313
,17 Oct 16,7438
,18 Oct 16,7438
,19 Oct 16,7438
,20 Oct 16,7438
,21 Oct 16,7438
,22 Oct 16,7438
,24 Oct 16,7438
,25 Oct 16,7438
,26 Oct 16,7438
,27 Oct 16,7438
,28 Oct 16,7438
,29 Oct 16,7438
,31 Oct 16,7563
,01 Nov 16,7563
,02 Nov 16,7563
,03 Nov 16,7563
,04 Nov 16,7563
,05 Nov 16,7563
,07 Nov 16,7563
,08 Nov 16,7563
,09 Nov 16,7563
,10 Nov 16,7563
,12 Nov 16,7563
,14 Nov 16,8188
,15 Nov 16,8188
,16 Nov 16,8188
,17 Nov 16,8188
,18 Nov 16,8188
,19 Nov 16,8188
,21 Nov 16,8125
,22 Nov 16,8125
,23 Nov 16,8125
,24 Nov 16,8125
,25 Nov 16,8125
,26 Nov 16,8125
,28 Nov 16,8125
,29 Nov 16,8125
,30 Nov 16,8125
,01 Dec 16,8125
,02 Dec 16,8125
,03 Dec 16,8125
,05 Dec 16,8125
,06 Dec 16,8125
,07 Dec 16,8125
,08 Dec 16,8125
,10 Dec 16,7625
,13 Dec 16,7625
,14 Dec 16,7313
,15 Dec 16,7313
,16 Dec 16,7313
,17 Dec 16,7375
,19 Dec 16,7313
,20 Dec 16,7281
,21 Dec 16,7281
,22 Dec 16,7438
,23 Dec 16,7438
,24 Dec 16,7438
,26 Dec 16,7438
,27 Dec 16,7438
,28 Dec 16,7438
,29 Dec 16,7813
,30 Dec 16,7813
,31 Dec 16,7813
,02 Jan 17,8063
,03 Jan 17,8187
,04 Jan 17,8063
,05 Jan 17,8063
,06 Jan 17,8063
,09 Jan 17,8063
,10 Jan 17,8063
,11 Jan 17,8063
,12 Jan 17,8063
,13 Jan 17,8063
,14 Jan 17,8063
,17 Jan 17,8063
,18 Jan 17,8063
,19 Jan 17,8063
,20 Jan 17,8063
,21 Jan 17,8063
,23 Jan 17,8563
,24 Jan 17,8563
,25 Jan 17,8563
,26 Jan 17,8563
,27 Jan 17,8563
,28 Jan 17,8563
,30 Jan 17,8563
,31 Jan 17,8563
,01 Feb 17,8563
,03 Feb 17,8563
,04 Feb 17,8563
,06 Feb 17,9063
,07 Feb 17,9063
,08 Feb 17,9063
,09 Feb 17,9063
,10 Feb 17,9063
,11 Feb 17,9063
,13 Feb 17,8563
,14 Feb 17,8563
,15 Feb 17,8563
,16 Feb 17,8563
,17 Feb 17,8563
,18 Feb 17,8563
,20 Feb 17,8688
,21 Feb 17,8688
,22 Feb 17,8688
,23 Feb 17,8813
,24 Feb 17,8813
,25 Feb 17,8813
,27 Feb 17,8688
,28 Feb 17,8688
,01 Mar 17,8688
,02 Mar 17,8688
,03 Mar 17,8688
,04 Mar 17,8688
,06 Mar 17,8563
,07 Mar 17,8563
,08 Mar 17,8563
,09 Mar 17,8563
,10 Mar 17,8563
,11 Mar 17,8563
,13 Mar 17,8688
,14 Mar 17,8688
,15 Mar 17,8688
,16 Mar 17,8688
,17 Mar 17,8625
,18 Mar 17,8625
,20 Mar 17,8688
,21 Mar 17,8688
,22 Mar 17,8688
,24 Mar 17,8688
,25 Mar 17,8688
,27 Mar 17,9188
,28 Mar 17,9188
,29 Mar 17,9563
,30 Mar 17,9563
,31 Mar 17,9563
,01 Apr 17,9563
,03 Apr 17,10025
,04 Apr 17,10025
,05 Apr 17,10031
,06 Apr 17,10025
,07 Apr 17,10075
,08 Apr 17,10025
,10 Apr 17,10063
,11 Apr 17,10063
,12 Apr 17,10063
,13 Apr 17,10063
,14 Apr 17,10063
,15 Apr 17,10063
,17 Apr 17,10063
,18 Apr 17,10063
,19 Apr 17,10063
,20 Apr 17,10063
,21 Apr 17,10063
,22 Apr 17,10063
,24 Apr 17,9875
,25 Apr 17,9875
,26 Apr 17,9875
,27 Apr 17,9875
,28 Apr 17,9875
,29 Apr 17,9850
,02 May 17,9875
,03 May 17,9875
,05 May 17,9875
,06 May 17,9875
,08 May 17,9875
,09 May 17,9875
,10 May 17,9875
,11 May 17,9875
,12 May 17,9875
,13 May 17,9875
,16 May 17,9875
,17 May 17,9875
,18 May 17,9875
,19 May 17,9875
,20 May 17,9875
,22 May 17,9875
,23 May 17,10125
,24 May 17,10508
,25 May 17,10125
,26 May 17,10125
,27 May 17,10125
,28 May 17,10125
,29 May 17,10125
,30 May 17,10125
,31 May 17,10125
,01 Jun 17,10125
,02 Jun 17,10125
,03 Jun 17,10125
,04 Jun 17,10125
,05 Jun 17,10125
,06 Jun 17,10125
,07 Jun 17,10125
,08 Jun 17,10250
,09 Jun 17,10125
,10 Jun 17,10125
,11 Jun 17,10125
,12 Jun 17,10125
,13 Jun 17,10125
,14 Jun 17,10125
,15 Jun 17,10125
,16 Jun 17,10125
,17 Jun 17,10125
,18 Jun 17,10125
,19 Jun 17,10125
,20 Jun 17,10125
,21 Jun 17,10125
,23 Jun 17,10125
,24 Jun 17,10125
,29 Jun 17,
,30 Jun 17,
,03 Jul 17,10063
,04 Jul 17,10063
,05 Jul 17,10063
,06 Jul 17,10063
,07 Jul 17,10063
,08 Jul 17,10063
,11 Jul 17,10063
,12 Jul 17,10063
,14 Jul 17,10063
,15 Jul 17,10063
,18 Jul 17,10063
,19 Jul 17,9875
,20 Jul 17,9875
,22 Jul 17,9875
,24 Jul 17,9875
,26 Jul 17,9875
,27 Jul 17,9875
,28 Jul 17,9625
,29 Jul 17,9625
,31 Jul 17,9625
,02 Aug 17,9438
,03 Aug 17,9438
,04 Aug 17,9438
,05 Aug 17,9438
,07 Aug 17,9438
,08 Aug 17,9125
,09 Aug 17,9125
,10 Aug 17,9125
,11 Aug 17,9125
,12 Aug 17,9125
,16 Aug 17,9125
,17 Aug 17,9125
,18 Aug 17,9125
,19 Aug 17,9125
,22 Aug 17,9125
,23 Aug 17,9125
,25 Aug 17,9125
,26 Aug 17,9125
,28 Aug 17,9125
,30 Aug 17,8875
,31 Aug 17,8875
,05 Sep 17,8875
,06 Sep 17,8875
,07 Sep 17,8875
,09 Sep 17,8875
,11 Sep 17,8875
,12 Sep 17,8875
,13 Sep 17,
,14 Sep 17,
,15 Sep 17,
,16 Sep 17,
,18 Sep 17,
,19 Sep 17,
,20 Sep 17,
,21 Sep 17,
,22 Sep 17,
,23 Sep 17,
,26 Sep 17,
,27 Sep 17,
,28 Sep 17,
,29 Sep 17,
,02 Oct 17,
,03 Oct 17,
,04 Oct 17,
,05 Oct 17,
,06 Oct 17,
,07 Oct 17,
,09 Oct 17,
,10 Oct 17,
,11 Oct 17,
,12 Oct 17,
,13 Oct 17,
,14 Oct 17,
,16 Oct 17,
,18 Oct 17,
,20 Oct 17,
,21 Oct 17,
,23 Oct 17,
,24 Oct 17,
,25 Oct 17,
,26 Oct 17,
,27 Oct 17,
,30 Oct 17,
,31 Oct 17,
,01 Nov 17,
,02 Nov 17,
,03 Nov 17,
,04 Nov 17,
,06 Nov 17,
,07 Nov 17,
,08 Nov 17,
,09 Nov 17,
,10 Nov 17,
,11 Nov 17,
,13 Nov 17,
,14 Nov 17,
,16 Nov 17,
,17 Nov 17,
,20 Nov 17,
,21 Nov 17,7875
,22 Nov 17,7875
,27 Nov 17,8250
,29 Nov 17,8250
,04 Dec 17,8188
,05 Dec 17,8188
,07 Dec 17,8375
,08 Dec 17,8375
,09 Dec 17,8375
,21 Dec 17,8625
,22 Dec 17,8625
,23 Dec 17,8625
,26 Dec 17,
,30 Dec 17,8800
,01 Jan 18,8875
,12 Jan 18,9063
,24 Jan 18,8938
,25 Jan 18,8688
,26 Jan 18,8625
,27 Jan 18,8625
,29 Jan 18,8625
,30 Jan 18,
,31 Jan 18,8875
,01 Feb 18,9063
,02 Feb 18,9063
,06 Feb 18,9063
,07 Feb 18,9063
,13 Feb 18,9063
,16 Feb 18,9063
,21 Feb 18,9063
,22 Feb 18,8875
,24 Feb 18,8875
,26 Feb 18,8875
,27 Feb 18,8875
,03 Mar 18,8875
,05 Mar 18,8875
,06 Mar 18,8875
,07 Mar 18,8875
,09 Mar 18,8875
,10 Mar 18,8875
,12 Mar 18,8875
,14 Mar 18,8875
,15 Mar 18,8875
,16 Mar 18,8875
,17 Mar 18,8875
,21 Mar 18,8875
,22 Mar 18,8875
,26 Mar 18,8875
,27 Mar 18,8875
,28 Mar 18,8875
,29 Mar 18,8875
,30 Mar 18,8875
,02 Apr 18,8875
,03 Apr 18,8875
,05 Apr 18,8875
,06 Apr 18,8875
,07 Apr 18,8875
,09 Apr 18,8875
,10 Apr 18,8875
,11 Apr 18,8875
,12 Apr 18,8875
,14 Apr 18,8875
,16 Apr 18,8875
,18 Apr 18,9075
,19 Apr 18,9125
,20 Apr 18,9125
,21 Apr 18,9250
,23 Apr 18,9125
,26 Apr 18,9125
,28 Apr 18,9125
,08 May 18,9313
,09 May 18,9313
,10 May 18,9313
,11 May 18,9313
,12 May 18,9313
,20 Jun 18,
,26 Jun 18,9375
,28 Jun 18,9375
,30 Jun 18,
,06 Jul 18,9625
,07 Jul 18,9625
,13 Jul 18,
,18 Jul 18,9625
,19 Jul 18,9625
,20 Jul 18,9625
,21 Jul 18,9625
,23 Jul 18,9600
,24 Jul 18,9625
,26 Jul 18,9625
,27 Jul 18,
,28 Jul 18,9625
,31 Jul 18,9625
,01 Aug 18,9625
,02 Aug 18,9625
,03 Aug 18,9625
,04 Aug 18,
,06 Aug 18,9625
,08 Aug 18,9625
,09 Aug 18,9625
,10 Aug 18,9625
,11 Aug 18,
,13 Aug 18,9625
,15 Aug 18,9625
,16 Aug 18,9625
,20 Aug 18,9625
,24 Aug 18,
,25 Aug 18,
,28 Aug 18,
,29 Aug 18,
,31 Aug 18,9438
,03 Sep 18,9438
,05 Sep 18,9438
,08 Sep 18,
,14 Sep 18,9438
,17 Sep 18,
,25 Sep 18,9875
,26 Sep 18,9875
,04 Oct 18,9875
,15 Oct 18,9750
,17 Oct 18,9650
,18 Oct 18,9625
,25 Oct 18,9750
,12 Nov 18,9625
,29 Nov 18,9813
,05 Dec 18,9625
,07 Dec 18,9625
,08 Dec 18,9625
,10 Dec 18,9625
,11 Dec 18,9625
,12 Dec 18,9625
,13 Dec 18,9625
,14 Dec 18,9625
,18 Dec 18,9625
,28 Dec 18,9875
,10 Jan 19,9875
,23 Jan 19,9500
,25 Jan 19,9500
,28 Jan 19,9500
,07 Feb 19,9625
,11 Feb 19,9500
,13 Feb 19,9500
,20 Feb 19,9875
,12 Mar 19,9625
,05 Apr 19,9875
,18 Apr 19,10625
,11 Jun 19,
,20 Jun 19,12625
,21 Jun 19,12625
,29 Jun 19,12625
,15 Jul 19,12625
,16 Jul 19,12625
,17 Jul 19,12625
,20 Jul 19,12625
,22 Aug 19,12438
,27 Aug 19,12438
,29 Aug 19,12438
,02 Sep 19,12438
,06 Sep 19,
,11 Sep 19,12125
,14 Sep 19,12125
,16 Sep 19,12125
,20 Sep 19,12125
,25 Sep 19,12125
,04 Oct 19,12125
,23 Oct 19,12250
,22 Nov 19,11625
,27 Nov 19,11375
,29 Nov 19,11375
,03 Jan 20,12188
,09 Jan 20,12188
,10 Jan 20,12188
,11 Jan 20,12188
,13 Jan 20,12188
,14 Jan 20,
,18 Jan 20,12188
,20 Jan 20,12313
,22 Jan 20,12313
,24 Jan 20,12375
,25 Jan 20,12375
,28 Jan 20,12375
,29 Jan 20,12375
,01 Feb 20,12375
,07 Feb 20,12375
,08 Feb 20,12375
,10 Feb 20,12375
,11 Feb 20,12563
,12 Feb 20,13100
,13 Feb 20,12563
,14 Feb 20,
,15 Feb 20,
,17 Feb 20,
,18 Feb 20,
,19 Feb 20,
,20 Feb 20,
,21 Feb 20,
,22 Feb 20,
,24 Feb 20,
,25 Feb 20,
,26 Feb 20,
,27 Feb 20,
,28 Feb 20,
,29 Feb 20,
,02 Mar 20,
,03 Mar 20,
,04 Mar 20,
,05 Mar 20,
,06 Mar 20,
,07 Mar 20,
,10 Mar 20,
,13 Mar 20,
,14 Mar 20,
,16 Mar 20,
,17 Mar 20,
,18 Mar 20,
,19 Mar 20,
,20 Mar 20,
,25 Mar 20,12375
,28 Mar 20,12375
,02 Apr 20,12813
,06 Apr 20,12688
,07 Apr 20,12688
,10 Apr 20,
,16 Apr 20,12875
,22 Apr 20,
,25 Apr 20,
,27 Apr 20,
,28 Apr 20,12625
,29 Apr 20,
,30 Apr 20,
,07 May 20,
,09 May 20,13063
,11 May 20,
,12 May 20,
,13 May 20,
,14 May 20,
,19 May 20,
,22 May 20,
,28 May 20,
,01 Jun 20,
,17 Jun 20,
,27 Aug 20,13125
,05 Oct 20,13125
,09 Oct 20,13125
,10 Oct 20,13125
,12 Oct 20,13125
,13 Oct 20,13125
,17 Oct 20,
,20 Oct 20,13125
,21 Oct 20,13125
,22 Oct 20,13125
,24 Oct 20,
,27 Oct 20,13375
,28 Oct 20,13375
,29 Oct 20,13375
,31 Oct 20,13375
,03 Nov 20,
,04 Nov 20,13375
,06 Nov 20,13375
,07 Nov 20,13375
,09 Nov 20,13375
,10 Nov 20,
,11 Nov 20,13375
,12 Nov 20,
,13 Nov 20,10250
,14 Nov 20,10250
,16 Nov 20,10250
,17 Nov 20,9625
,18 Nov 20,9625
,19 Nov 20,9625
,20 Nov 20,9625
,21 Nov 20,9625
,23 Nov 20,9625
,24 Nov 20,9875
,25 Nov 20,9875
,27 Nov 20,
,28 Nov 20,10125
,30 Nov 20,10125
,02 Dec 20,10125
,03 Dec 20,10125
,04 Dec 20,
,05 Dec 20,
,07 Dec 20,10125
,08 Dec 20,10125
,10 Dec 20,10625
,11 Dec 20,10625
,12 Dec 20,10625
,15 Dec 20,10625
,17 Dec 20,
,22 Dec 20,10625
,30 Dec 20,10813
,04 Jan 21,10813
,05 Jan 21,10875
,07 Jan 21,4250
,09 Jan 21,10875
,15 Jan 21,10875
,18 Jan 21,
,27 Jan 21,10875
,28 Jan 21,10875
,30 Jan 21,10875
,01 Feb 21,10875
,06 Feb 21,
,08 Feb 21,10875
,09 Feb 21,10875
,10 Feb 21,10875
,11 Feb 21,
,16 Feb 21,11125
,17 Feb 21,
,22 Feb 21,
,23 Feb 21,11063
,25 Feb 21,10625
,26 Feb 21,10625
,03 Mar 21,10625
,06 Mar 21,
,25 Mar 21,10625
,06 Apr 21,10375
,07 Apr 21,10500
,09 Apr 21,10125
,16 Apr 21,
,21 Apr 21,
,26 Apr 21,10875
,31 May 21,
,23 Jun 21,10875
,29 Jun 21,
,01 Jul 21,10875
,02 Jul 21,11000
,03 Jul 21,
,05 Jul 21,10875
,07 Jul 21,10875
,08 Jul 21,10863
,10 Jul 21,
,12 Jul 21,10625
,26 Jul 21,
,28 Jul 21,
,04 Aug 21,
,05 Aug 21,10625
,06 Aug 21,10625
,07 Aug 21,10625
,09 Aug 21,
,10 Aug 21,
,16 Aug 21,10625
,17 Aug 21,10625
,20 Aug 21,10625
,21 Aug 21,
,25 Aug 21,
,28 Aug 21,10625
,31 Aug 21,9875
,02 Sep 21,9875
,03 Sep 21,9875
,13 Sep 21,
,18 Sep 21,10375
,20 Sep 21,10375
,21 Sep 21,9813
,22 Sep 21,9813
,27 Sep 21,9625
,04 Oct 21,
,11 Oct 21,
,12 Oct 21,
,16 Oct 21,
,23 Oct 21,
,30 Oct 21,
,01 Nov 21,11125
,02 Nov 21,11250
,06 Nov 21,
,08 Nov 21,11875
,11 Nov 21,11875
,12 Nov 21,12000
,13 Nov 21,
,15 Nov 21,
,16 Nov 21,
,18 Nov 21,
,19 Nov 21,12250
,20 Nov 21,
,23 Nov 21,12313
,25 Nov 21,
,26 Nov 21,
,27 Nov 21,
,03 Dec 21,
,04 Dec 21,
,08 Dec 21,
,09 Dec 21,
,23 Dec 21,11375
,28 Dec 21,11250
,31 Dec 21,11500
,01 Jan 22,11500
,06 Jan 22,11500
,07 Jan 22,
,08 Jan 22,11500
,11 Jan 22,
,15 Jan 22,
,17 Jan 22,12375
,19 Jan 22,12375
,20 Jan 22,12438
,21 Jan 22,12438
,22 Jan 22,
,23 Jan 22,
,24 Jan 22,12438
,25 Jan 22,12625
,26 Jan 22,
,27 Jan 22,12625
,28 Jan 22,
,30 Jan 22,
,31 Jan 22,12625
,01 Feb 22,12625
,03 Feb 22,12375
,04 Feb 22,
,06 Feb 22,
,07 Feb 22,
,09 Feb 22,12375
,10 Feb 22,12375
,11 Feb 22,12375
,12 Feb 22,12375
,14 Feb 22,
,15 Feb 22,
,16 Feb 22,12313
,17 Feb 22,12188
,18 Feb 22,12188
,19 Feb 22,
,21 Feb 22,12125
,23 Feb 22,12188
,28 Feb 22,12250
,01 Mar 22,12188
,02 Mar 22,12188
,03 Mar 22,12125
,04 Mar 22,12250
,05 Mar 22,12250
,07 Mar 22,12375
,08 Mar 22,12375
,09 Mar 22,
,11 Mar 22,12250
,12 Mar 22,
,14 Mar 22,12500
,15 Mar 22,12625
,16 Mar 22,12625
,18 Mar 22,12625
,21 Mar 22,12625
,24 Mar 22,12750
,25 Mar 22,12875
,26 Mar 22,
,28 Mar 22,12875
,29 Mar 22,12875
,30 Mar 22,12875
,01 Apr 22,12813
,02 Apr 22,
,06 Apr 22,13000
,07 Apr 22,12813
,09 Apr 22,
,11 Apr 22,13000
,13 Apr 22,13000
,19 Apr 22,14000
,22 Apr 22,14375
,25 Apr 22,14500
,28 Apr 22,
,06 May 22,
,07 May 22,
,09 May 22,
,10 May 22,15063
,11 May 22,15375
,12 May 22,
,14 May 22,15375
,17 May 22,
,19 May 22,
,20 May 22,16375
,22 May 22,
,23 May 22,
,24 May 22,16625
,25 May 22,17375
,26 May 22,
,27 May 22,18000
,29 May 22,
,30 May 22,
,31 May 22,18000
,01 Jun 22,
,02 Jun 22,18375
,03 Jun 22,
,04 Jun 22,
,05 Jun 22,
,06 Jun 22,
,07 Jun 22,
,08 Jun 22,20000
,09 Jun 22,20625
,10 Jun 22,20375
,11 Jun 22,
,12 Jun 22,
,13 Jun 22,20375
,14 Jun 22,
,15 Jun 22,
,16 Jun 22,
,18 Jun 22,20375
,21 Jun 22,20250
,22 Jun 22,
,23 Jun 22,
,25 Jun 22,
,26 Jun 22,
,27 Jun 22,
,29 Jun 22,20750
,01 Jul 22,20750
,02 Jul 22,
,04 Jul 22,
,05 Jul 22,21125
,08 Jul 22,
,09 Jul 22,
,12 Jul 22,
,13 Jul 22,
,14 Jul 22,
,15 Jul 22,
,16 Jul 22,
,17 Jul 22,
,18 Jul 22,
,19 Jul 22,
,20 Jul 22,20875
,21 Jul 22,
,22 Jul 22,
,23 Jul 22,
,24 Jul 22,
,25 Jul 22,21625
,26 Jul 22,
,27 Jul 22,
,28 Jul 22,
,29 Jul 22,
,30 Jul 22,
,31 Jul 22,
,01 Aug 22,
,03 Aug 22,
,04 Aug 22,20625
,05 Aug 22,
,06 Aug 22,
,07 Aug 22,
,08 Aug 22,
,10 Aug 22,
,11 Aug 22,
,12 Aug 22,
,13 Aug 22,
,15 Aug 22,21375
,16 Aug 22,
,17 Aug 22,
,18 Aug 22,
,19 Aug 22,
,20 Aug 22,
,22 Aug 22,
,23 Aug 22,
,24 Aug 22,
,25 Aug 22,
,26 Aug 22,
,27 Aug 22,
,28 Aug 22,
,30 Aug 22,
,31 Aug 22,
,01 Sep 22,
,03 Sep 22,
,04 Sep 22,
,05 Sep 22,
,06 Sep 22,
,07 Sep 22,
,08 Sep 22,
,09 Sep 22,
,10 Sep 22,
,11 Sep 22,
,12 Sep 22,
,13 Sep 22,
,14 Sep 22,
,15 Sep 22,
,17 Sep 22,22000
,19 Sep 22,22000
,22 Sep 22,23000
,24 Sep 22,23000
,26 Sep 22,23000
,28 Sep 22,23000
,30 Sep 22,23000
,01 Oct 22,23000
,03 Oct 22,23000
,04 Oct 22,23000
,05 Oct 22,23000
,06 Oct 22,23000
,07 Oct 22,23000
,08 Oct 22,23000
,11 Oct 22,22875
,12 Oct 22,
,13 Oct 22,
,14 Oct 22,21125
,17 Oct 22,
,18 Oct 22,
,19 Oct 22,21375
,20 Oct 22,
,21 Oct 22,
,22 Oct 22,
,23 Oct 22,
,24 Oct 22,
,25 Oct 22,
,26 Oct 22,
,27 Oct 22,
,28 Oct 22,
,29 Oct 22,
,01 Nov 22,
,02 Nov 22,20875
,03 Nov 22,
,04 Nov 22,
,05 Nov 22,
,07 Nov 22,21000
,08 Nov 22,
,10 Nov 22,
,11 Nov 22,
,12 Nov 22,20875
,14 Nov 22,
,18 Nov 22,
,21 Nov 22,
,22 Nov 22,
,23 Nov 22,
,24 Nov 22,
,25 Nov 22,
,26 Nov 22,21125
,28 Nov 22,
,29 Nov 22,
,01 Dec 22,
,02 Dec 22,
,05 Dec 22,
,06 Dec 22,
,07 Dec 22,
,08 Dec 22,
,10 Dec 22,
,13 Dec 22,
,17 Dec 22,
,19 Dec 22,
,21 Dec 22,
,23 Dec 22,
,27 Dec 22,24750
,29 Dec 22,
,30 Dec 22,25750
,31 Dec 22,25750
,02 Jan 23,
,03 Jan 23,25375
,04 Jan 23,25375
,05 Jan 23,
,06 Jan 23,
,07 Jan 23,
,08 Jan 23,
,09 Jan 23,27500
,10 Jan 23,
,11 Jan 23,
,12 Jan 23,
,13 Jan 23,
,16 Jan 23,
,17 Jan 23,
,18 Jan 23,
,19 Jan 23,
,21 Jan 23,
,22 Jan 23,
,23 Jan 23,25875
,24 Jan 23,
,25 Jan 23,
,28 Jan 23,
,30 Jan 23,
,01 Feb 23,
,02 Feb 23,28000
,03 Feb 23,
,04 Feb 23,
,06 Feb 23,30250
,08 Feb 23,30250
,09 Feb 23,28875
,10 Feb 23,28875
,11 Feb 23,28875
,13 Feb 23,28875
,14 Feb 23,28875
,15 Feb 23,27500
,16 Feb 23,28750
,17 Feb 23,
,20 Feb 23,
,21 Feb 23,
,22 Feb 23,
,23 Feb 23,
,27 Feb 23,28125
,28 Feb 23,
,01 Mar 23,
,02 Mar 23,
,03 Mar 23,
,04 Mar 23,
,06 Mar 23,28125
,07 Mar 23,27875
,08 Mar 23,
,09 Mar 23,
,14 Mar 23,
,16 Mar 23,28125
,17 Mar 23,27625
,18 Mar 23,
,20 Mar 23,
,21 Mar 23,
,24 Mar 23,
,25 Mar 23,
,26 Mar 23,
,27 Mar 23,
,28 Mar 23,
,29 Mar 23,
,30 Mar 23,28125
,31 Mar 23,
,01 Apr 23,
,02 Apr 23,
,03 Apr 23,
,04 Apr 23,
,05 Apr 23,
,06 Apr 23,
,08 Apr 23,
,09 Apr 23,
,10 Apr 23,
,11 Apr 23,28125
,12 Apr 23,
,13 Apr 23,
,14 Apr 23,
,17 Apr 23,
,18 Apr 23,
,19 Apr 23,
,20 Apr 23,
,21 Apr 23,
,24 Apr 23,
,25 Apr 23,
,26 Apr 23,27750
,27 Apr 23,32750
,28 Apr 23,33125
,29 Apr 23,
,30 Apr 23,
,01 May 23,
,02 May 23,31875
,03 May 23,31875
,04 May 23,31875
,05 May 23,
,06 May 23,
,07 May 23,
,08 May 23,
,09 May 23,31875
,10 May 23,29375
,11 May 23,
,12 May 23,
,13 May 23,
,14 May 23,
,15 May 23,29375
,16 May 23,29375
,17 May 23,28375
,18 May 23,28375
,19 May 23,
,20 May 23,
,21 May 23,
,22 May 23,28750
,23 May 23,
,24 May 23,
,25 May 23,28750
,26 May 23,
,28 May 23,
,29 May 23,28750
,30 May 23,28750
,31 May 23,29375
,01 Jun 23,29375
,02 Jun 23,30625
,03 Jun 23,30625
,04 Jun 23,
,05 Jun 23,30625
,06 Jun 23,30625
,07 Jun 23,30625
,08 Jun 23,31650
,09 Jun 23,29375
,10 Jun 23,
,11 Jun 23,
,12 Jun 23,29375
,13 Jun 23,29375
,14 Jun 23,29375
,15 Jun 23,29375
,16 Jun 23,29375
,17 Jun 23,
,18 Jun 23,
,19 Jun 23,8800
,20 Jun 23,
,21 Jun 23,29375
,22 Jun 23,29375
,23 Jun 23,
,24 Jun 23,
,25 Jun 23,
,26 Jun 23,
,27 Jun 23,29375
,28 Jun 23,
,03 Jul 23,29375
,04 Jul 23,14875
,05 Jul 23,29375
,07 Jul 23,
,08 Jul 23,
,09 Jul 23,
,10 Jul 23,29375
,11 Jul 23,29375
,12 Jul 23,29375
,13 Jul 23,29375
,14 Jul 23,
,15 Jul 23,
,16 Jul 23,
,17 Jul 23,29375
,18 Jul 23,29375
,19 Jul 23,29375
,20 Jul 23,29375
,21 Jul 23,29375
,22 Jul 23,29375
,23 Jul 23,29375
,24 Jul 23,29375
,25 Jul 23,29375
,26 Jul 23,29375
,27 Jul 23,29375
,28 Jul 23,29375
,30 Jul 23,29375
,31 Jul 23,29375
,01 Aug 23,29375
,02 Aug 23,29375
,03 Aug 23,29375
,04 Aug 23,29375
,05 Aug 23,29375
,06 Aug 23,29375
,07 Aug 23,29375
,08 Aug 23,29438
,09 Aug 23,29375
,10 Aug 23,29375
,11 Aug 23,29375
,12 Aug 23,29375
,13 Aug 23,29375
,14 Aug 23,29375
,15 Aug 23,29375
,16 Aug 23,29375
,17 Aug 23,29375
,18 Aug 23,29375
,19 Aug 23,29375
,20 Aug 23,29375
,21 Aug 23,29375
,22 Aug 23,29375
,23 Aug 23,29375
,24 Aug 23,29375
,25 Aug 23,28125
,26 Aug 23,28125
,27 Aug 23,28125
,28 Aug 23,28125
,29 Aug 23,28125
,30 Aug 23,28125
,31 Aug 23,28125
,01 Sep 23,28125
,02 Sep 23,
,04 Sep 23,
,05 Sep 23,
,06 Sep 23,
,07 Sep 23,25275
,08 Sep 23,
,09 Sep 23,
,10 Sep 23,
,11 Sep 23,28125
,12 Sep 23,28125
,13 Sep 23,
,14 Sep 23,
,15 Sep 23,27625
,16 Sep 23,
,18 Sep 23,28125
,19 Sep 23,
,20 Sep 23,
,21 Sep 23,
,22 Sep 23,
,23 Sep 23,
,24 Sep 23,
,25 Sep 23,28125
,26 Sep 23,
,27 Sep 23,
,28 Sep 23,
,30 Sep 23,
,01 Oct 23,
,02 Oct 23,26875
,03 Oct 23,
,04 Oct 23,
,05 Oct 23,
,06 Oct 23,
,07 Oct 23,
,08 Oct 23,
,09 Oct 23,
,10 Oct 23,
,11 Oct 23,
,12 Oct 23,
,13 Oct 23,
,14 Oct 23,
,15 Oct 23,
,16 Oct 23,
,17 Oct 23,
,18 Oct 23,26875
,19 Oct 23,
,20 Oct 23,26875
,21 Oct 23,
,23 Oct 23,
,24 Oct 23,
,25 Oct 23,
,26 Oct 23,
,27 Oct 23,
,28 Oct 23,
,29 Oct 23,
,30 Oct 23,
,31 Oct 23,
,01 Nov 23,
,02 Nov 23,
,03 Nov 23,
,04 Nov 23,24500
,05 Nov 23,27700
,06 Nov 23,24500
,07 Nov 23,
,08 Nov 23,
,09 Nov 23,
,10 Nov 23,
,11 Nov 23,
,12 Nov 23,
,13 Nov 23,
,14 Nov 23,
,15 Nov 23,25250
,16 Nov 23,
,17 Nov 23,25250
,18 Nov 23,
,19 Nov 23,
,20 Nov 23,
,21 Nov 23,
,23 Nov 23,
,24 Nov 23,25625
,25 Nov 23,25625
,26 Nov 23,
,27 Nov 23,25625
,28 Nov 23,25750
,29 Nov 23,25625
,30 Nov 23,
,01 Dec 23,24750
,02 Dec 23,
,03 Dec 23,
,04 Dec 23,24750
,05 Dec 23,24750
,06 Dec 23,
,07 Dec 23,25500
,08 Dec 23,
,09 Dec 23,
,10 Dec 23,
,11 Dec 23,25500

